locationString,EndLocationString,Start,End,ips,UAs,timestamp
CN/Gansu,SA/Ar Riyad,2022-11-26T00:53:00.3032334Z,2022-11-26T00:54:30.0403753Z,"[""61.178.57.40""]","[""BAV2ROPC""]",2022-11-26T00:53:00.3032334Z
CN/Shanghai Shi,SA/Ar Riyad,2022-11-26T00:54:05.6248227Z,2022-11-26T00:54:30.0403753Z,"[""101.230.117.34""]","[""BAV2ROPC""]",2022-11-26T00:54:05.6248227Z
SA/Ar Riyad,CN/Shanxi,2022-11-26T00:54:30.0403753Z,2022-11-26T00:55:30.8521315Z,"[""185.54.146.131""]","[""BAV2ROPC""]",2022-11-26T00:54:30.0403753Z
CL/Region Metropolitana,CN/Shanxi,2022-11-26T00:54:59.5725055Z,2022-11-26T00:55:30.8521315Z,"[""186.148.211.115""]","[""BAV2ROPC""]",2022-11-26T00:54:59.5725055Z
PK/Punjab,AU/New South Wales,2022-11-26T01:21:30.2610273Z,2022-11-26T01:30:20.2158068Z,"[""103.131.8.193""]","[""BAV2ROPC""]",2022-11-26T01:21:30.2610273Z
PT/Lisboa,IN/Karnataka,2022-11-26T01:21:48.3989228Z,2022-11-26T01:22:28.0653762Z,"[""148.71.33.24""]","[""BAV2ROPC""]",2022-11-26T01:21:48.3989228Z
IN/Karnataka,US/Alabama,2022-11-26T01:22:22.5324324Z,2022-11-26T01:23:39.2068913Z,"[""122.166.249.154""]","[""BAV2ROPC""]",2022-11-26T01:22:22.5324324Z
TW/New Taipei,KR/Jeollabuk-Do,2022-11-26T01:22:29.4157660Z,2022-11-26T01:23:24.1738427Z,"[""110.25.99.28""]","[""BAV2ROPC""]",2022-11-26T01:22:29.4157660Z
CN/Shandong,US/Alabama,2022-11-26T01:23:09.5155970Z,2022-11-26T01:23:39.2068913Z,"[""112.36.27.23""]","[""BAV2ROPC""]",2022-11-26T01:23:09.5155970Z
KR/Jeollabuk-Do,CN/Shandong,2022-11-26T01:23:18.8986682Z,2022-11-26T01:23:19.9790664Z,"[""59.1.100.37""]","[""BAV2ROPC""]",2022-11-26T01:23:18.8986682Z
US/Alabama,BG/Gabrovo,2022-11-26T01:23:36.6650801Z,2022-11-26T01:31:05.7053855Z,"[""198.184.209.68""]","[""BAV2ROPC""]",2022-11-26T01:23:36.6650801Z
AU/New South Wales,US/South Carolina,2022-11-26T01:30:14.8545295Z,2022-11-26T01:31:24.2528774Z,"[""218.214.118.10""]","[""BAV2ROPC""]",2022-11-26T01:30:14.8545295Z
CN/Hubei,BG/Gabrovo,2022-11-26T01:30:17.8735407Z,2022-11-26T01:31:05.7053855Z,"[""119.96.44.63""]","[""BAV2ROPC""]",2022-11-26T01:30:17.8735407Z
US/South Carolina,MD/Chisinau,2022-11-26T01:31:21.7033778Z,2022-11-26T01:32:47.9606540Z,"[""70.154.89.10""]","[""BAV2ROPC""]",2022-11-26T01:31:21.7033778Z
JP/Tokyo,MD/Chisinau,2022-11-26T01:32:31.5461958Z,2022-11-26T01:32:47.9606540Z,"[""203.191.241.59""]","[""BAV2ROPC""]",2022-11-26T01:32:31.5461958Z
CN/Chongqing,IL/Hadarom,2022-11-26T01:48:18.8768003Z,2022-11-26T01:49:16.8154704Z,"[""183.230.197.49""]","[""BAV2ROPC""]",2022-11-26T01:48:18.8768003Z
IL/Hadarom,CN/Xinjiang,2022-11-26T01:49:05.2418269Z,2022-11-26T01:54:15.8831647Z,"[""2.55.81.14""]","[""BAV2ROPC""]",2022-11-26T01:49:05.2418269Z
CN/Xinjiang,CN/Chongqing,2022-11-26T01:54:09.9856986Z,2022-11-26T01:56:58.9121944Z,"[""220.171.158.86""]","[""BAV2ROPC""]",2022-11-26T01:54:09.9856986Z
LB/Liban-Nord,CN/Shandong,2022-11-26T01:58:43.1474958Z,2022-11-26T01:59:01.8360575Z,"[""185.101.17.223""]","[""BAV2ROPC""]",2022-11-26T01:58:43.1474958Z
VN/Nam Dinh,CN/Shanxi,2022-11-26T02:01:43.9207197Z,2022-11-26T02:13:02.6520699Z,"[""27.72.46.90""]","[""BAV2ROPC""]",2022-11-26T02:01:43.9207197Z
MD/Chisinau,CN/Shanxi,2022-11-26T02:03:33.9510234Z,2022-11-26T02:13:02.6520699Z,"[""37.75.123.3""]","[""BAV2ROPC""]",2022-11-26T02:03:33.9510234Z
US/Virginia,CN/Shanxi,2022-11-26T02:04:10.7823302Z,2022-11-26T02:13:02.6520699Z,"[""71.219.16.162""]","[""BAV2ROPC""]",2022-11-26T02:04:10.7823302Z
CN/Shanxi,SD/Al Khartum,2022-11-26T02:12:52.2529509Z,2022-11-26T02:20:52.0144418Z,"[""113.25.250.81""]","[""BAV2ROPC""]",2022-11-26T02:12:52.2529509Z
LA/Viangchan City,SD/Al Khartum,2022-11-26T02:19:10.5748679Z,2022-11-26T02:20:52.0144418Z,"[""183.182.107.206""]","[""BAV2ROPC""]",2022-11-26T02:19:10.5748679Z
CN/Liaoning,SD/Al Khartum,2022-11-26T02:19:49.8730204Z,2022-11-26T02:20:52.0144418Z,"[""211.137.8.103""]","[""BAV2ROPC""]",2022-11-26T02:19:49.8730204Z
RU/Moskva,SD/Al Khartum,2022-11-26T02:20:33.7776165Z,2022-11-26T02:20:52.0144418Z,"[""109.252.238.34""]","[""BAV2ROPC""]",2022-11-26T02:20:33.7776165Z
SD/Al Khartum,BR/Rio De Janeiro,2022-11-26T02:20:49.4074776Z,2022-11-26T02:22:17.2687984Z,"[""212.0.137.154""]","[""BAV2ROPC""]",2022-11-26T02:20:49.4074776Z
BR/Rio De Janeiro,AU/New South Wales,2022-11-26T02:22:06.3360978Z,2022-11-26T02:24:26.8640226Z,"[""186.239.134.158""]","[""BAV2ROPC""]",2022-11-26T02:22:06.3360978Z
FR/Pas-De-Calais,AU/New South Wales,2022-11-26T02:24:02.7419981Z,2022-11-26T02:24:26.8640226Z,"[""193.200.116.167""]","[""BAV2ROPC""]",2022-11-26T02:24:02.7419981Z
KH/Phnum Penh,GB/Wiltshire,2022-11-26T03:15:59.8386759Z,2022-11-26T03:16:27.7577606Z,"[""175.100.101.110""]","[""BAV2ROPC""]",2022-11-26T03:15:59.8386759Z
GB/Wiltshire,PT/Porto,2022-11-26T03:16:17.2314448Z,2022-11-26T03:28:56.5251574Z,"[""51.52.107.29""]","[""BAV2ROPC""]",2022-11-26T03:16:17.2314448Z
CN/Hainan,PT/Porto,2022-11-26T03:18:02.7349064Z,2022-11-26T03:29:20.2929346Z,"[""218.75.78.42""]","[""BAV2ROPC""]",2022-11-26T03:18:02.7349064Z
PK/Sindh,AU/Victoria,2022-11-26T03:19:13.6422885Z,2022-11-26T03:21:29.2324425Z,"[""113.203.194.28""]","[""BAV2ROPC""]",2022-11-26T03:19:13.6422885Z
AU/Victoria,CN/Shaanxi,2022-11-26T03:21:21.4075580Z,2022-11-26T03:22:30.3789921Z,"[""112.141.38.88""]","[""BAV2ROPC""]",2022-11-26T03:21:21.4075580Z
PT/Porto,SD/Al Khartum,2022-11-26T03:28:56.5251574Z,2022-11-26T03:30:57.6249318Z,"[""89.114.29.229""]","[""BAV2ROPC""]",2022-11-26T03:28:56.5251574Z
BR/Goias,SD/Al Khartum,2022-11-26T03:30:33.2257456Z,2022-11-26T03:31:10.7907712Z,"[""201.25.97.122""]","[""BAV2ROPC""]",2022-11-26T03:30:33.2257456Z
RU/Rostovskaya Oblast',CN/Nei Mongol,2022-11-26T03:35:45.5492399Z,2022-11-26T03:36:18.0215598Z,"[""46.147.240.204""]","[""BAV2ROPC""]",2022-11-26T03:35:45.5492399Z
CN/Nei Mongol,CN/Shanghai Shi,2022-11-26T03:36:04.7990691Z,2022-11-26T03:37:39.3007028Z,"[""110.7.40.122""]","[""BAV2ROPC""]",2022-11-26T03:36:04.7990691Z
RU/Krasnodarskiy Kray,BG/Sofiya-Grad,2022-11-26T04:04:36.7999274Z,2022-11-26T04:05:38.3734696Z,"[""178.176.193.56""]","[""BAV2ROPC""]",2022-11-26T04:04:36.7999274Z
KR/Chungcheongbuk-Do,RU/Kemerovskaya Oblast',2022-11-26T04:18:14.8435929Z,2022-11-26T04:20:00.6960209Z,"[""112.167.233.14""]","[""BAV2ROPC""]",2022-11-26T04:18:14.8435929Z
SG/Central Singapore,RU/Kemerovskaya Oblast',2022-11-26T04:19:00.4141925Z,2022-11-26T04:20:00.6960209Z,"[""51.79.173.159""]","[""BAV2ROPC""]",2022-11-26T04:19:00.4141925Z
BE/Hainaut,RU/Kemerovskaya Oblast',2022-11-26T04:19:15.4123612Z,2022-11-26T04:20:00.6960209Z,"[""87.65.36.20""]","[""BAV2ROPC""]",2022-11-26T04:19:15.4123612Z
RU/Kemerovskaya Oblast',RU/Sankt-Peterburg,2022-11-26T04:20:00.6960209Z,2022-11-26T04:34:05.4602288Z,"[""46.180.171.206""]","[""BAV2ROPC""]",2022-11-26T04:20:00.6960209Z
IT/Milano,VN/Ninh Binh,2022-11-26T04:28:23.6772507Z,2022-11-26T04:28:56.8509214Z,"[""176.10.62.26""]","[""BAV2ROPC""]",2022-11-26T04:28:23.6772507Z
VN/Ninh Binh,CN/Xinjiang,2022-11-26T04:28:48.7735790Z,2022-11-26T04:29:16.2972561Z,"[""117.7.231.140""]","[""BAV2ROPC""]",2022-11-26T04:28:48.7735790Z
RU/Sankt-Peterburg,JP/Tokyo,2022-11-26T04:34:00.2110622Z,2022-11-26T04:34:20.8373270Z,"[""91.122.14.53""]","[""BAV2ROPC""]",2022-11-26T04:34:00.2110622Z
CN/Jiangxi,PE/Lima Province,2022-11-26T04:35:05.4361008Z,2022-11-26T04:42:32.2668472Z,"[""118.118.234.136""]","[""BAV2ROPC""]",2022-11-26T04:35:05.4361008Z
TG/Maritime,IN/Karnataka,2022-11-26T04:36:17.9053615Z,2022-11-26T04:42:10.9555096Z,"[""156.38.72.172""]","[""BAV2ROPC""]",2022-11-26T04:36:17.9053615Z
IR/Mazandaran,PE/Lima Province,2022-11-26T04:39:41.9623634Z,2022-11-26T04:42:37.3433393Z,"[""5.236.96.240""]","[""BAV2ROPC""]",2022-11-26T04:39:41.9623634Z
RU/Tomskaya Oblast',PE/Lima Province,2022-11-26T04:40:41.3536851Z,2022-11-26T04:42:37.3433393Z,"[""78.140.29.134""]","[""BAV2ROPC""]",2022-11-26T04:40:41.3536851Z
MX/Queretaro De Arteaga,IN/Karnataka,2022-11-26T04:41:23.6898678Z,2022-11-26T04:42:10.9555096Z,"[""148.243.43.10""]","[""BAV2ROPC""]",2022-11-26T04:41:23.6898678Z
PE/Lima Province,US/Pennsylvania,2022-11-26T04:42:24.2844717Z,2022-11-26T04:43:07.8246663Z,"[""148.102.50.194""]","[""BAV2ROPC""]",2022-11-26T04:42:24.2844717Z
US/Pennsylvania,ZA/Gauteng,2022-11-26T04:43:05.1545053Z,2022-11-26T04:44:48.2440926Z,"[""50.220.210.121""]","[""BAV2ROPC""]",2022-11-26T04:43:05.1545053Z
RO/Caras-Severin,TW/Hsinchu,2022-11-26T05:02:59.9692372Z,2022-11-26T05:06:08.3348538Z,"[""46.214.169.40""]","[""BAV2ROPC""]",2022-11-26T05:02:59.9692372Z
TW/Hsinchu,CN/Shandong,2022-11-26T05:06:00.3413320Z,2022-11-26T05:19:50.3032848Z,"[""60.251.196.139""]","[""BAV2ROPC""]",2022-11-26T05:06:00.3413320Z
IN/Uttar Pradesh,CN/Shandong,2022-11-26T05:15:22.5661589Z,2022-11-26T05:19:52.8657935Z,"[""43.225.69.20""]","[""BAV2ROPC""]",2022-11-26T05:15:22.5661589Z
US/North Carolina,CN/Tianjin Shi,2022-11-26T05:20:49.5234531Z,2022-11-26T05:21:37.1299645Z,"[""75.177.156.192""]","[""BAV2ROPC""]",2022-11-26T05:20:49.5234531Z
CN/Tianjin Shi,FR/Bas-Rhin,2022-11-26T05:21:34.4191542Z,2022-11-26T05:22:37.4048895Z,"[""221.238.67.179""]","[""BAV2ROPC""]",2022-11-26T05:21:34.4191542Z
FR/Bas-Rhin,VN/Da Nang,2022-11-26T05:22:34.8257813Z,2022-11-26T05:22:54.6852366Z,"[""51.77.245.100""]","[""BAV2ROPC""]",2022-11-26T05:22:34.8257813Z
VN/Da Nang,CN/Shanghai Shi,2022-11-26T05:22:52.0736187Z,2022-11-26T05:24:57.5679297Z,"[""119.17.221.61""]","[""BAV2ROPC""]",2022-11-26T05:22:52.0736187Z
AR/Buenos Aires,BR/Mato Grosso,2022-11-26T05:23:43.6110524Z,2022-11-26T05:24:19.2095618Z,"[""45.71.58.137""]","[""BAV2ROPC""]",2022-11-26T05:23:43.6110524Z
BR/Mato Grosso,CN/Shanghai Shi,2022-11-26T05:24:06.1529463Z,2022-11-26T05:24:57.5679297Z,"[""45.237.242.74""]","[""BAV2ROPC""]",2022-11-26T05:24:06.1529463Z
DE/Saarland,US/Missouri,2022-11-26T05:25:08.5609299Z,2022-11-26T05:29:52.0741478Z,"[""135.125.181.232""]","[""BAV2ROPC""]",2022-11-26T05:25:08.5609299Z
US/Missouri,FR/Paris,2022-11-26T05:29:46.8721719Z,2022-11-26T05:30:20.2249120Z,"[""73.48.23.103""]","[""BAV2ROPC""]",2022-11-26T05:29:46.8721719Z
FR/Paris,US/Georgia,2022-11-26T05:30:09.7643010Z,2022-11-26T05:43:35.3299459Z,"[""37.157.226.235""]","[""BAV2ROPC""]",2022-11-26T05:30:09.7643010Z
US/Georgia,CN/Shanghai Shi,2022-11-26T05:43:35.3299459Z,2022-11-26T05:45:50.0944126Z,"[""38.147.41.220""]","[""BAV2ROPC""]",2022-11-26T05:43:35.3299459Z
MK/Bitola,ZA/Western Cape,2022-11-26T05:57:54.5731843Z,2022-11-26T05:58:36.9655811Z,"[""94.100.96.42""]","[""BAV2ROPC""]",2022-11-26T05:57:54.5731843Z
ZA/Western Cape,CN/Ningxia,2022-11-26T05:58:23.1261061Z,2022-11-26T05:59:01.8078578Z,"[""164.160.180.224""]","[""BAV2ROPC""]",2022-11-26T05:58:23.1261061Z
NG/Lagos,PK/Punjab,2022-11-26T06:02:30.3391306Z,2022-11-26T06:05:40.0943320Z,"[""197.255.168.70""]","[""BAV2ROPC""]",2022-11-26T06:02:30.3391306Z
RU/Khakasiya,VN/Nghe An,2022-11-26T06:03:10.7688100Z,2022-11-26T06:12:54.6173786Z,"[""176.116.184.181""]","[""BAV2ROPC""]",2022-11-26T06:03:10.7688100Z
ES/Asturias,TH/Krung Thep,2022-11-26T06:08:58.0162211Z,2022-11-26T06:15:17.5924844Z,"[""85.152.12.148""]","[""BAV2ROPC""]",2022-11-26T06:08:58.0162211Z
ET/Adis Abeba,DK/Syddanmark,2022-11-26T06:09:29.2703021Z,2022-11-26T06:13:17.2122429Z,"[""197.156.97.198""]","[""BAV2ROPC""]",2022-11-26T06:09:29.2703021Z
VN/Nghe An,CN/Shaanxi,2022-11-26T06:12:46.8708758Z,2022-11-26T06:14:42.3920962Z,"[""27.72.81.194""]","[""BAV2ROPC""]",2022-11-26T06:12:46.8708758Z
DK/Syddanmark,IN/Uttar Pradesh,2022-11-26T06:13:04.0203764Z,2022-11-26T06:14:59.0732649Z,"[""95.154.17.66""]","[""BAV2ROPC""]",2022-11-26T06:13:04.0203764Z
BG/Sofiya-Grad,TW/New Taipei,2022-11-26T06:13:23.0279012Z,2022-11-26T06:14:40.0847867Z,"[""94.139.201.162""]","[""BAV2ROPC""]",2022-11-26T06:13:23.0279012Z
CN/Shaanxi,IN/Uttar Pradesh,2022-11-26T06:14:34.5692587Z,2022-11-26T06:14:53.7788931Z,"[""61.150.88.22""]","[""BAV2ROPC""]",2022-11-26T06:14:34.5692587Z
TH/Krung Thep,PK/Punjab,2022-11-26T06:15:12.2726738Z,2022-11-26T06:15:36.9670881Z,"[""110.170.190.147""]","[""BAV2ROPC""]",2022-11-26T06:15:12.2726738Z
UA/Luhans'ka Oblast',BR/Para,2022-11-26T06:15:34.7891354Z,2022-11-26T06:17:31.6756681Z,"[""178.214.184.2""]","[""BAV2ROPC""]",2022-11-26T06:15:34.7891354Z
IT/Catania,PK/Punjab,2022-11-26T06:16:54.0880927Z,2022-11-26T06:17:56.2723519Z,"[""80.21.208.94""]","[""BAV2ROPC""]",2022-11-26T06:16:54.0880927Z
BR/Para,IN/Goa,2022-11-26T06:17:21.2831083Z,2022-11-26T06:18:58.5199699Z,"[""201.20.109.202""]","[""BAV2ROPC""]",2022-11-26T06:17:21.2831083Z
IN/Goa,RU/Karachayevo-Cherkesiya,2022-11-26T06:18:55.5695027Z,2022-11-26T06:20:46.3571034Z,"[""103.65.197.142""]","[""BAV2ROPC""]",2022-11-26T06:18:55.5695027Z
FR/Loiret,ZM/Lusaka,2022-11-26T06:22:11.0870109Z,2022-11-26T06:22:50.3897579Z,"[""93.4.196.37""]","[""BAV2ROPC""]",2022-11-26T06:22:11.0870109Z
ZM/Lusaka,VN/Ninh Binh,2022-11-26T06:22:36.9467870Z,2022-11-26T06:33:54.2629372Z,"[""155.0.194.27""]","[""BAV2ROPC""]",2022-11-26T06:22:36.9467870Z
ID/Jawa Barat,RU/Krasnodarskiy Kray,2022-11-26T06:41:51.0867464Z,2022-11-26T06:42:57.2092632Z,"[""103.92.39.220""]","[""BAV2ROPC""]",2022-11-26T06:41:51.0867464Z
VE/Distrito Capital,RU/Krasnodarskiy Kray,2022-11-26T06:42:32.9984398Z,2022-11-26T06:43:02.5687221Z,"[""190.202.146.30""]","[""BAV2ROPC""]",2022-11-26T06:42:32.9984398Z
IN/Chandigarh,ES/Tarragona,2022-11-26T06:46:20.7448874Z,2022-11-26T06:46:48.4204175Z,"[""122.160.255.131""]","[""BAV2ROPC""]",2022-11-26T06:46:20.7448874Z
ES/Tarragona,AR/Jujuy,2022-11-26T06:46:39.8885601Z,2022-11-26T06:58:49.6329108Z,"[""149.6.204.5""]","[""BAV2ROPC""]",2022-11-26T06:46:39.8885601Z
AR/Jujuy,MX/Oaxaca,2022-11-26T06:58:46.9389182Z,2022-11-26T07:09:17.5400621Z,"[""190.182.194.137""]","[""BAV2ROPC""]",2022-11-26T06:58:46.9389182Z
GE/Tbilisi,CN/Xinjiang,2022-11-26T06:59:08.7760621Z,2022-11-26T07:06:57.5470796Z,"[""109.238.232.229""]","[""BAV2ROPC""]",2022-11-26T06:59:08.7760621Z
CH/Zuerich,MX/Oaxaca,2022-11-26T06:59:43.9932971Z,2022-11-26T07:09:17.5400621Z,"[""80.89.209.169""]","[""BAV2ROPC""]",2022-11-26T06:59:43.9932971Z
TZ/Dar Es Salaam,CN/Shandong,2022-11-26T07:00:17.2352532Z,2022-11-26T07:05:30.7799377Z,"[""41.59.193.231""]","[""BAV2ROPC""]",2022-11-26T07:00:17.2352532Z
UA/Sevastopol' Misto,CN/Shanghai Shi,2022-11-26T07:05:45.8115647Z,2022-11-26T07:06:50.6844402Z,"[""213.59.165.130""]","[""BAV2ROPC""]",2022-11-26T07:05:45.8115647Z
KZ/Almaty,MX/Oaxaca,2022-11-26T07:07:10.7960722Z,2022-11-26T07:09:17.5400621Z,"[""5.250.156.254""]","[""BAV2ROPC""]",2022-11-26T07:07:10.7960722Z
KR/Daegu Gwangyeoksi,PL/Mazowieckie,2022-11-26T07:07:20.6922263Z,2022-11-26T07:08:28.6445053Z,"[""182.225.134.13""]","[""BAV2ROPC""]",2022-11-26T07:07:20.6922263Z
US/Illinois,KR/Daegu Gwangyeoksi,2022-11-26T07:07:22.8564038Z,2022-11-26T07:07:28.5594554Z,"[""209.153.45.44""]","[""BAV2ROPC""]",2022-11-26T07:07:22.8564038Z
GB/Norfolk,MX/Oaxaca,2022-11-26T07:07:37.8349383Z,2022-11-26T07:09:17.5400621Z,"[""84.93.153.9""]","[""BAV2ROPC""]",2022-11-26T07:07:37.8349383Z
PL/Mazowieckie,MX/Oaxaca,2022-11-26T07:08:00.7878565Z,2022-11-26T07:09:17.5400621Z,"[""89.78.105.103""]","[""BAV2ROPC""]",2022-11-26T07:08:00.7878565Z
SO/Banaadir,MX/Oaxaca,2022-11-26T07:08:44.1383645Z,2022-11-26T07:09:17.5400621Z,"[""154.118.242.86""]","[""BAV2ROPC""]",2022-11-26T07:08:44.1383645Z
BR/Ceara,MX/Oaxaca,2022-11-26T07:08:48.5691674Z,2022-11-26T07:09:17.5400621Z,"[""187.58.131.87""]","[""BAV2ROPC""]",2022-11-26T07:08:48.5691674Z
VN/Ho Chi Minh,CN/Chongqing,2022-11-26T07:09:12.1139744Z,2022-11-26T07:10:04.6116811Z,"[""113.61.111.118""]","[""BAV2ROPC""]",2022-11-26T07:09:12.1139744Z
MX/Oaxaca,PT/Lisboa,2022-11-26T07:09:12.4574593Z,2022-11-26T07:10:33.5343694Z,"[""201.160.166.186""]","[""BAV2ROPC""]",2022-11-26T07:09:12.4574593Z
SE/Stockholms Lan,PT/Lisboa,2022-11-26T07:09:58.3642181Z,2022-11-26T07:10:33.5343694Z,"[""89.253.72.32""]","[""BAV2ROPC""]",2022-11-26T07:09:58.3642181Z
ES/Murcia,CN/Shanghai Shi,2022-11-26T07:10:44.1770734Z,2022-11-26T07:10:50.5702234Z,"[""185.184.2.72""]","[""BAV2ROPC""]",2022-11-26T07:10:44.1770734Z
TW/Taichung,IN/Karnataka,2022-11-26T07:27:44.1117768Z,2022-11-26T07:33:51.6358112Z,"[""123.205.58.163""]","[""BAV2ROPC""]",2022-11-26T07:27:44.1117768Z
CR/San Jose,FR/Paris,2022-11-26T07:35:38.6362355Z,2022-11-26T07:36:50.5636974Z,"[""190.211.100.28""]","[""BAV2ROPC""]",2022-11-26T07:35:38.6362355Z
TT/Port-Of-Spain,AR/Santa Fe,2022-11-26T07:49:35.8830108Z,2022-11-26T07:51:27.0813329Z,"[""200.7.91.165""]","[""BAV2ROPC""]",2022-11-26T07:49:35.8830108Z
AR/Santa Fe,PK/Punjab,2022-11-26T07:51:24.4729473Z,2022-11-26T07:52:25.5268876Z,"[""179.60.217.2""]","[""BAV2ROPC""]",2022-11-26T07:51:24.4729473Z
IR/Ilam,FR/Seine-Saint-Denis,2022-11-26T08:55:29.9227195Z,2022-11-26T08:56:11.5038034Z,"[""185.219.115.147""]","[""BAV2ROPC""]",2022-11-26T08:55:29.9227195Z
FR/Seine-Saint-Denis,RS/Beograd,2022-11-26T08:56:11.5038034Z,2022-11-26T08:56:44.0663977Z,"[""217.117.146.52""]","[""BAV2ROPC""]",2022-11-26T08:56:11.5038034Z
RS/Beograd,CN/Shanghai Shi,2022-11-26T08:56:33.1822291Z,2022-11-26T08:57:25.0821711Z,"[""79.101.52.186""]","[""BAV2ROPC""]",2022-11-26T08:56:33.1822291Z
RU/Smolenskaya Oblast',CN/Shanghai Shi,2022-11-26T08:56:54.6314852Z,2022-11-26T08:57:25.0821711Z,"[""212.3.136.107""]","[""BAV2ROPC""]",2022-11-26T08:56:54.6314852Z
UA/Kyiv Misto,CN/Shanxi,2022-11-26T09:03:10.8675848Z,2022-11-26T09:03:49.1575901Z,"[""134.249.138.36""]","[""BAV2ROPC""]",2022-11-26T09:03:10.8675848Z
KR/Jeollanam-Do,ID/Maluku Utara,2022-11-26T09:30:20.8514410Z,2022-11-26T09:30:57.7279410Z,"[""121.179.170.92""]","[""BAV2ROPC""]",2022-11-26T09:30:20.8514410Z
ID/Maluku Utara,CN/Shaanxi,2022-11-26T09:30:55.0877701Z,2022-11-26T09:32:20.7714468Z,"[""203.99.98.83""]","[""BAV2ROPC""]",2022-11-26T09:30:55.0877701Z
CN/Ningxia,US/Virginia,2022-11-26T09:45:28.3278562Z,2022-11-26T09:46:35.2229919Z,"[""111.113.27.218""]","[""BAV2ROPC""]",2022-11-26T09:45:28.3278562Z
BE/Brussels,RU/Moskva,2022-11-26T09:57:20.5226960Z,2022-11-26T10:09:30.1403689Z,"[""195.244.184.38""]","[""BAV2ROPC""]",2022-11-26T09:57:20.5226960Z
IR/Markazi,US/Louisiana,2022-11-26T10:25:43.1467549Z,2022-11-26T10:39:46.6927852Z,"[""217.218.253.67""]","[""BAV2ROPC""]",2022-11-26T10:25:43.1467549Z
BR/Distrito Federal,CN/Shanghai Shi,2022-11-26T10:33:40.5420932Z,2022-11-26T10:34:28.3257171Z,"[""201.88.254.35""]","[""BAV2ROPC""]",2022-11-26T10:33:40.5420932Z
PS/Ramallah,RU/Novosibirskaya Oblast',2022-11-26T10:34:38.2256625Z,2022-11-26T10:44:51.3618377Z,"[""185.209.108.42""]","[""BAV2ROPC""]",2022-11-26T10:34:38.2256625Z
US/Louisiana,BR/Rio De Janeiro,2022-11-26T10:39:36.3583756Z,2022-11-26T10:39:57.6375119Z,"[""12.94.8.194""]","[""BAV2ROPC""]",2022-11-26T10:39:36.3583756Z
RU/Novosibirskaya Oblast',RU/Moskva,2022-11-26T10:44:51.3618377Z,2022-11-26T10:45:19.7241408Z,"[""5.128.36.44""]","[""BAV2ROPC""]",2022-11-26T10:44:51.3618377Z
FR/Calvados,IR/Ilam,2022-11-26T10:45:37.7590012Z,2022-11-26T10:48:09.1504992Z,"[""193.251.180.116""]","[""BAV2ROPC""]",2022-11-26T10:45:37.7590012Z
SE/Vastra Gotalands Lan,FR/Paris,2022-11-26T10:50:31.2448225Z,2022-11-26T10:53:47.5071570Z,"[""158.174.107.91""]","[""BAV2ROPC""]",2022-11-26T10:50:31.2448225Z
JM/Kingston,FR/Paris,2022-11-26T10:52:16.7659722Z,2022-11-26T10:53:50.1159474Z,"[""63.143.100.128""]","[""BAV2ROPC""]",2022-11-26T10:52:16.7659722Z
TW/Nantou,KR/Jeollabuk-Do,2022-11-26T10:53:55.5695408Z,2022-11-26T11:00:49.7906726Z,"[""60.249.82.122""]","[""BAV2ROPC""]",2022-11-26T10:53:55.5695408Z
KR/Gyeongsangnam-Do,ES/Sevilla,2022-11-26T10:54:53.3559742Z,2022-11-26T10:55:18.7785705Z,"[""211.220.122.137""]","[""BAV2ROPC""]",2022-11-26T10:54:53.3559742Z
ES/Sevilla,IL/Hadarom,2022-11-26T10:55:10.8859235Z,2022-11-26T11:08:41.4089486Z,"[""212.225.210.5""]","[""BAV2ROPC""]",2022-11-26T10:55:10.8859235Z
RU/Kostromskaya Oblast',US/Illinois,2022-11-26T11:02:12.0129504Z,2022-11-26T11:02:16.4011324Z,"[""46.42.3.203""]","[""BAV2ROPC""]",2022-11-26T11:02:12.0129504Z
IE/Dublin,TZ/Dar Es Salaam,2022-11-26T11:02:34.6404447Z,2022-11-26T11:03:45.7264401Z,"[""86.45.50.167""]","[""BAV2ROPC""]",2022-11-26T11:02:34.6404447Z
PT/Portalegre,IN/Telangana,2022-11-26T11:02:46.2464172Z,2022-11-26T11:05:18.3435159Z,"[""188.81.39.147""]","[""BAV2ROPC""]",2022-11-26T11:02:46.2464172Z
SN/Dakar,TZ/Dar Es Salaam,2022-11-26T11:03:37.7609624Z,2022-11-26T11:03:45.7264401Z,"[""41.214.117.25""]","[""BAV2ROPC""]",2022-11-26T11:03:37.7609624Z
TW/Miaoli,CN/Shanghai Shi,2022-11-26T11:21:31.3574173Z,2022-11-26T11:23:06.7871042Z,"[""114.35.172.171""]","[""BAV2ROPC""]",2022-11-26T11:21:31.3574173Z
TW/Hsinchu City,CN/Shanghai Shi,2022-11-26T11:21:34.0304445Z,2022-11-26T11:23:06.7871042Z,"[""114.35.172.171""]","[""BAV2ROPC""]",2022-11-26T11:21:34.0304445Z
IN/Gujarat,PK/Punjab,2022-11-26T11:22:40.6717439Z,2022-11-26T11:23:16.4791424Z,"[""122.170.106.176""]","[""BAV2ROPC""]",2022-11-26T11:22:40.6717439Z
RU/Vladimirskaya Oblast',BR/Rio De Janeiro,2022-11-26T11:41:28.5091965Z,2022-11-26T11:50:19.0665191Z,"[""94.158.116.175""]","[""BAV2ROPC""]",2022-11-26T11:41:28.5091965Z
KR/Incheon Gwangyeoksi,BR/Rio De Janeiro,2022-11-26T11:47:56.1129866Z,2022-11-26T11:50:19.0665191Z,"[""1.11.62.185""]","[""BAV2ROPC""]",2022-11-26T11:47:56.1129866Z
KW/Al Kuwayt,BR/Para,2022-11-26T12:01:28.6873383Z,2022-11-26T12:01:53.0737394Z,"[""94.187.240.175""]","[""BAV2ROPC""]",2022-11-26T12:01:28.6873383Z
AZ/Baku,CN/Shanghai Shi,2022-11-26T12:03:28.7190892Z,2022-11-26T12:03:58.0708907Z,"[""85.132.106.137""]","[""BAV2ROPC""]",2022-11-26T12:03:28.7190892Z
AT/Wien,US/Missouri,2022-11-26T12:17:11.8295898Z,2022-11-26T12:18:51.8871100Z,"[""212.152.216.141""]","[""BAV2ROPC""]",2022-11-26T12:17:11.8295898Z
CO/Caldas,IN/Gujarat,2022-11-26T12:27:42.3260341Z,2022-11-26T12:29:02.6142088Z,"[""186.179.100.0""]","[""BAV2ROPC""]",2022-11-26T12:27:42.3260341Z
ID/Maluku,CN/Qinghai,2022-11-26T12:42:15.9757022Z,2022-11-26T12:43:09.4755668Z,"[""103.147.142.44""]","[""BAV2ROPC""]",2022-11-26T12:42:15.9757022Z
CN/Qinghai,US/Illinois,2022-11-26T12:42:55.8843527Z,2022-11-26T12:43:15.9464640Z,"[""110.167.168.154""]","[""BAV2ROPC""]",2022-11-26T12:42:55.8843527Z
VN/Gia Lai,IN/Kerala,2022-11-26T12:49:51.8372509Z,2022-11-26T12:50:37.1560214Z,"[""117.2.105.172""]","[""BAV2ROPC""]",2022-11-26T12:49:51.8372509Z
IN/Kerala,BR/Rio De Janeiro,2022-11-26T12:50:31.9166759Z,2022-11-26T12:51:17.8057709Z,"[""103.85.204.98""]","[""BAV2ROPC""]",2022-11-26T12:50:31.9166759Z
UA/Vinnyts'ka Oblast',US/Alabama,2022-11-26T13:03:04.5378713Z,2022-11-26T13:12:34.1457847Z,"[""195.34.206.205""]","[""BAV2ROPC""]",2022-11-26T13:03:04.5378713Z
RU/Tatarstan,FR/Seine-Et-Marne,2022-11-26T13:12:48.9102120Z,2022-11-26T13:20:41.5839534Z,"[""92.255.199.164""]","[""BAV2ROPC""]",2022-11-26T13:12:48.9102120Z
FR/Seine-Et-Marne,PT/Lisboa,2022-11-26T13:20:30.9444451Z,2022-11-26T13:30:53.6035997Z,"[""31.32.208.250""]","[""BAV2ROPC""]",2022-11-26T13:20:30.9444451Z
PA/Chiriqui,IN/Karnataka,2022-11-26T13:21:52.8023756Z,2022-11-26T13:22:46.9258055Z,"[""190.219.196.113""]","[""BAV2ROPC""]",2022-11-26T13:21:52.8023756Z
ES/Las Palmas,CN/Guangxi,2022-11-26T13:31:18.3454189Z,2022-11-26T13:32:41.5663758Z,"[""185.216.128.118""]","[""BAV2ROPC""]",2022-11-26T13:31:18.3454189Z
CN/Guangxi,BR/Rondonia,2022-11-26T13:32:28.4775783Z,2022-11-26T13:32:57.4062041Z,"[""202.103.250.101""]","[""BAV2ROPC""]",2022-11-26T13:32:28.4775783Z
BR/Rondonia,BR/Espirito Santo,2022-11-26T13:32:57.4062041Z,2022-11-26T13:33:44.6195040Z,"[""191.37.220.34""]","[""BAV2ROPC""]",2022-11-26T13:32:57.4062041Z
JP/Gifu,BR/Espirito Santo,2022-11-26T13:33:12.0950841Z,2022-11-26T13:33:33.9765466Z,"[""223.165.81.245""]","[""BAV2ROPC""]",2022-11-26T13:33:12.0950841Z
IN/Telangana,PK/Punjab,2022-11-26T14:02:40.2126931Z,2022-11-26T14:03:19.9943463Z,"[""122.175.12.238""]","[""BAV2ROPC""]",2022-11-26T14:02:40.2126931Z
RU/Sverdlovskaya Oblast',PE/Lima Province,2022-11-26T14:03:40.4499869Z,2022-11-26T14:04:40.8664263Z,"[""178.46.181.226""]","[""BAV2ROPC""]",2022-11-26T14:03:40.4499869Z
KZ/Astana,FR/Paris,2022-11-26T14:08:34.9070471Z,2022-11-26T14:09:03.4645907Z,"[""91.185.6.130""]","[""BAV2ROPC""]",2022-11-26T14:08:34.9070471Z
KR/Busan Gwangyeoksi,IN/Karnataka,2022-11-26T14:10:17.9595490Z,2022-11-26T14:10:47.2705578Z,"[""121.144.15.62""]","[""BAV2ROPC""]",2022-11-26T14:10:17.9595490Z
RU/Buryatiya,RU/Moskva,2022-11-26T14:16:29.4216677Z,2022-11-26T14:16:57.8712942Z,"[""188.168.22.106""]","[""BAV2ROPC""]",2022-11-26T14:16:29.4216677Z
PL/Warminsko-Mazurskie,ID/Banten,2022-11-26T14:17:47.4397005Z,2022-11-26T14:18:15.2000009Z,"[""195.116.56.30""]","[""BAV2ROPC""]",2022-11-26T14:17:47.4397005Z
ID/Banten,CN/Shandong,2022-11-26T14:18:07.3547839Z,2022-11-26T14:22:13.9809440Z,"[""103.147.4.38""]","[""BAV2ROPC""]",2022-11-26T14:18:07.3547839Z
PA/Veraguas,NG/Lagos,2022-11-26T14:22:07.2170841Z,2022-11-26T14:22:34.5638338Z,"[""190.141.173.12""]","[""BAV2ROPC""]",2022-11-26T14:22:07.2170841Z
CO/Meta,BR/Rio De Janeiro,2022-11-26T14:28:11.6727735Z,2022-11-26T14:32:25.5765169Z,"[""186.190.226.0""]","[""BAV2ROPC""]",2022-11-26T14:28:11.6727735Z
PA/Panama,US/Illinois,2022-11-26T14:31:32.5103716Z,2022-11-26T14:40:17.2474221Z,"[""190.33.254.106""]","[""BAV2ROPC""]",2022-11-26T14:31:32.5103716Z
BR/Amapa,IT/Milano,2022-11-26T14:35:56.4451075Z,2022-11-26T14:37:51.3166851Z,"[""179.197.108.14""]","[""BAV2ROPC""]",2022-11-26T14:35:56.4451075Z
IN/Andhra Pradesh,PK/Punjab,2022-11-26T14:40:49.9167989Z,2022-11-26T14:41:21.5236539Z,"[""49.156.149.74""]","[""BAV2ROPC""]",2022-11-26T14:40:49.9167989Z
US/Kentucky,LY/Tarabulus,2022-11-26T14:57:03.7635838Z,2022-11-26T14:57:32.9618279Z,"[""169.136.33.185""]","[""BAV2ROPC""]",2022-11-26T14:57:03.7635838Z
LY/Tarabulus,IN/Uttar Pradesh,2022-11-26T14:57:19.9026788Z,2022-11-26T14:58:20.9576631Z,"[""165.16.106.206""]","[""BAV2ROPC""]",2022-11-26T14:57:19.9026788Z
VU/Shefa,PT/Porto,2022-11-26T15:09:01.3125026Z,2022-11-26T15:11:32.2515479Z,"[""103.75.20.178""]","[""BAV2ROPC""]",2022-11-26T15:09:01.3125026Z
IN/Odisha,CN/Shandong,2022-11-26T15:25:35.1173521Z,2022-11-26T15:26:47.4214054Z,"[""122.186.244.206""]","[""BAV2ROPC""]",2022-11-26T15:25:35.1173521Z
KZ/Pavlodar,KZ/Astana,2022-11-26T15:37:47.1632509Z,2022-11-26T15:38:56.3043431Z,"[""2.135.240.22""]","[""BAV2ROPC""]",2022-11-26T15:37:47.1632509Z
SE/Uppsala Lan,KZ/Astana,2022-11-26T15:38:24.6415663Z,2022-11-26T15:38:56.3043431Z,"[""79.136.112.163""]","[""BAV2ROPC""]",2022-11-26T15:38:24.6415663Z
AE/Dubayy,CN/Shanghai Shi,2022-11-26T15:40:05.7164825Z,2022-11-26T15:41:11.5464046Z,"[""91.72.187.242""]","[""BAV2ROPC""]",2022-11-26T15:40:05.7164825Z
BN/Brunei And Muara,CN/Shanghai Shi,2022-11-26T15:40:29.0727100Z,2022-11-26T15:41:11.5464046Z,"[""61.6.206.13""]","[""BAV2ROPC""]",2022-11-26T15:40:29.0727100Z
AT/Niederoesterreich,MK/Centar,2022-11-26T15:41:27.9991147Z,2022-11-26T15:41:48.2552369Z,"[""178.18.162.109""]","[""BAV2ROPC""]",2022-11-26T15:41:27.9991147Z
ES/Cadiz,AT/Niederoesterreich,2022-11-26T15:53:05.4913850Z,2022-11-26T15:55:04.7642946Z,"[""88.148.122.123""]","[""BAV2ROPC""]",2022-11-26T15:53:05.4913850Z
TW/Kaohsiung,CN/Shaanxi,2022-11-26T16:23:12.1859518Z,2022-11-26T16:27:43.7395974Z,"[""61.221.176.89""]","[""BAV2ROPC""]",2022-11-26T16:23:12.1859518Z
UA/Krym Avtonomna Respublika,CN/Shaanxi,2022-11-26T16:25:11.3670513Z,2022-11-26T16:27:43.7395974Z,"[""195.88.112.99""]","[""BAV2ROPC""]",2022-11-26T16:25:11.3670513Z
ZA/Gauteng,CL/Region Metropolitana,2022-11-26T16:26:27.9628838Z,2022-11-26T16:38:41.2955526Z,"[""209.203.62.202""]","[""BAV2ROPC""]",2022-11-26T16:26:27.9628838Z
UA/Donets'ka Oblast',RU/Moskva,2022-11-26T16:28:04.2849566Z,2022-11-26T16:29:11.6514133Z,"[""31.40.169.249""]","[""BAV2ROPC""]",2022-11-26T16:28:04.2849566Z
PL/Wielkopolskie,FR/Alpes-Maritimes,2022-11-26T16:43:26.7284070Z,2022-11-26T16:44:15.1822945Z,"[""195.130.197.84""]","[""BAV2ROPC""]",2022-11-26T16:43:26.7284070Z
FR/Alpes-Maritimes,US/North Carolina,2022-11-26T16:44:09.9837436Z,2022-11-26T16:48:51.9102216Z,"[""185.16.223.100""]","[""BAV2ROPC""]",2022-11-26T16:44:09.9837436Z
RU/Bashkortostan,MN/Ulaanbaatar,2022-11-26T16:50:23.4936291Z,2022-11-26T16:50:43.5940327Z,"[""94.41.0.165""]","[""BAV2ROPC""]",2022-11-26T16:50:23.4936291Z
MN/Ulaanbaatar,US/North Carolina,2022-11-26T16:50:43.5940327Z,2022-11-26T16:51:11.0088888Z,"[""103.50.206.243""]","[""BAV2ROPC""]",2022-11-26T16:50:43.5940327Z
AR/Cordoba,KR/Gyeongsangnam-Do,2022-11-26T16:51:27.9539694Z,2022-11-26T16:58:28.4472491Z,"[""190.123.90.180""]","[""BAV2ROPC""]",2022-11-26T16:51:27.9539694Z
IT/Genova,MK/Bitola,2022-11-26T16:51:49.7576511Z,2022-11-26T16:58:55.6822740Z,"[""82.188.160.250""]","[""BAV2ROPC""]",2022-11-26T16:51:49.7576511Z
IT/Padova,CO/Santander,2022-11-26T16:57:20.5477991Z,2022-11-26T17:00:07.1884389Z,"[""79.28.98.24""]","[""BAV2ROPC""]",2022-11-26T16:57:20.5477991Z
KR/Gwangju Gwangyeoksi,CN/Shanghai Shi,2022-11-26T17:07:01.9794231Z,2022-11-26T17:08:53.1672104Z,"[""115.23.23.90""]","[""BAV2ROPC""]",2022-11-26T17:07:01.9794231Z
MX/Guerrero,ES/Sevilla,2022-11-26T17:53:05.3913272Z,2022-11-26T17:54:31.5673577Z,"[""177.238.129.249""]","[""BAV2ROPC""]",2022-11-26T17:53:05.3913272Z
IN/West Bengal,IN/Uttar Pradesh,2022-11-26T17:54:45.5615689Z,2022-11-26T17:55:36.3734873Z,"[""122.176.27.63""]","[""BAV2ROPC""]",2022-11-26T17:54:45.5615689Z
CO/Antioquia,CO/Caldas,2022-11-26T17:56:03.8515064Z,2022-11-26T17:56:08.9680108Z,"[""186.179.100.0""]","[""BAV2ROPC""]",2022-11-26T17:56:03.8515064Z
KZ/Almaty City,KR/Jeju-Do,2022-11-26T18:11:58.0155664Z,2022-11-26T18:13:41.8298275Z,"[""88.204.217.246""]","[""BAV2ROPC""]",2022-11-26T18:11:58.0155664Z
KR/Jeju-Do,BR/Rio De Janeiro,2022-11-26T18:13:33.2635797Z,2022-11-26T18:17:47.2954912Z,"[""220.80.223.144""]","[""BAV2ROPC""]",2022-11-26T18:13:33.2635797Z
SE/Jonkopings Lan,FR/Pas-De-Calais,2022-11-26T18:18:45.1225044Z,2022-11-26T18:19:43.7142787Z,"[""77.53.105.161""]","[""BAV2ROPC""]",2022-11-26T18:18:45.1225044Z
HK/Hong Kong,FR/Pas-De-Calais,2022-11-26T18:19:03.3405597Z,2022-11-26T18:19:43.7142787Z,"[""220.246.36.42""]","[""BAV2ROPC""]",2022-11-26T18:19:03.3405597Z
IN/Uttarakhand,SD/Al Khartum,2022-11-26T18:49:40.3250663Z,2022-11-26T18:50:03.9061327Z,"[""103.15.253.93""]","[""BAV2ROPC""]",2022-11-26T18:49:40.3250663Z
RU/Dagestan,IN/Karnataka,2022-11-26T18:50:39.3523957Z,2022-11-26T18:50:59.5539891Z,"[""185.17.134.40""]","[""BAV2ROPC""]",2022-11-26T18:50:39.3523957Z
VN/Ha Tinh,KR/Gyeongsangnam-Do,2022-11-26T18:57:21.5442500Z,2022-11-26T19:07:44.0184419Z,"[""27.72.155.116""]","[""BAV2ROPC""]",2022-11-26T18:57:21.5442500Z
FR/Seine-Maritime,BR/Minas Gerais,2022-11-26T19:34:06.3544333Z,2022-11-26T19:34:32.4988818Z,"[""176.146.157.17""]","[""BAV2ROPC""]",2022-11-26T19:34:06.3544333Z
BR/Minas Gerais,HK/Hong Kong,2022-11-26T19:34:27.3714078Z,2022-11-26T19:34:51.6586263Z,"[""189.113.186.174""]","[""BAV2ROPC""]",2022-11-26T19:34:27.3714078Z
ES/Barcelona,CN/Xinjiang,2022-11-26T19:35:30.0876661Z,2022-11-26T19:37:16.7748901Z,"[""95.124.251.27""]","[""BAV2ROPC""]",2022-11-26T19:35:30.0876661Z
US/Maine,FR/Hauts-De-Seine,2022-11-26T19:46:18.4974336Z,2022-11-26T19:57:10.4054344Z,"[""72.43.215.122""]","[""BAV2ROPC""]",2022-11-26T19:46:18.4974336Z
FR/Hauts-De-Seine,AZ/Baku,2022-11-26T19:56:55.6283303Z,2022-11-26T19:58:29.6701562Z,"[""164.177.0.65""]","[""BAV2ROPC""]",2022-11-26T19:56:55.6283303Z
CI/Abidjan,AZ/Baku,2022-11-26T19:57:36.8074335Z,2022-11-26T19:58:29.6701562Z,"[""160.155.146.220""]","[""BAV2ROPC""]",2022-11-26T19:57:36.8074335Z
VN/Ha Noi,BD/Dhaka,2022-11-26T20:14:16.0056731Z,2022-11-26T20:15:07.8087994Z,"[""210.211.117.212""]","[""BAV2ROPC""]",2022-11-26T20:14:16.0056731Z
MX/Tabasco,SG/Central Singapore,2022-11-26T20:14:41.0421684Z,2022-11-26T20:15:07.1312587Z,"[""187.157.56.1""]","[""BAV2ROPC""]",2022-11-26T20:14:41.0421684Z
BD/Dhaka,IN/Odisha,2022-11-26T20:15:00.0459969Z,2022-11-26T20:15:55.2279988Z,"[""27.147.188.198""]","[""BAV2ROPC""]",2022-11-26T20:15:00.0459969Z
BG/Veliko Turnovo,CN/Anhui,2022-11-26T20:16:27.9180621Z,2022-11-26T20:17:20.2674783Z,"[""89.25.87.34""]","[""BAV2ROPC""]",2022-11-26T20:16:27.9180621Z
ID/Jakarta Raya,US/Connecticut,2022-11-26T20:17:00.2708608Z,2022-11-26T20:23:55.7276738Z,"[""36.89.156.215""]","[""BAV2ROPC""]",2022-11-26T20:17:00.2708608Z
CN/Anhui,VN/Nghe An,2022-11-26T20:17:17.6721609Z,2022-11-26T20:26:47.8516381Z,"[""61.191.130.198""]","[""BAV2ROPC""]",2022-11-26T20:17:17.6721609Z
US/Connecticut,VN/Nghe An,2022-11-26T20:23:47.9191834Z,2022-11-26T20:26:47.8516381Z,"[""73.219.41.97""]","[""BAV2ROPC""]",2022-11-26T20:23:47.9191834Z
BG/Pleven,BR/Goias,2022-11-26T20:34:52.5927057Z,2022-11-26T20:36:00.4297635Z,"[""31.211.132.82""]","[""BAV2ROPC""]",2022-11-26T20:34:52.5927057Z
IL/Hamerkaz,CZ/Pardubicky Kraj,2022-11-26T21:07:46.5832932Z,2022-11-26T21:16:50.0926805Z,"[""84.110.106.78""]","[""BAV2ROPC""]",2022-11-26T21:07:46.5832932Z
SG/North West,AU/New South Wales,2022-11-26T21:13:18.3559753Z,2022-11-26T21:13:23.5039494Z,"[""173.245.211.240""]","[""Mozilla/5.0 (Windows NT 10.0; Win64; x64) AppleWebKit/537.36 (KHTML, like Gecko) Chrome/96.0.4664.110 Safari/537.36 Edg/96.0.1054.62""]",2022-11-26T21:13:18.3559753Z
CZ/Pardubicky Kraj,BG/Burgas,2022-11-26T21:16:44.9841423Z,2022-11-26T21:17:19.3504939Z,"[""193.104.67.114""]","[""BAV2ROPC""]",2022-11-26T21:16:44.9841423Z
ZW/Harare,US/Georgia,2022-11-26T21:58:26.8767650Z,2022-11-26T21:59:34.1304700Z,"[""154.120.246.26""]","[""BAV2ROPC""]",2022-11-26T21:58:26.8767650Z
ES/Alicante,RU/Bashkortostan,2022-11-26T22:18:04.3975399Z,2022-11-26T22:18:25.8487403Z,"[""78.136.126.190""]","[""BAV2ROPC""]",2022-11-26T22:18:04.3975399Z
CN/Guizhou,CO/Caldas,2022-11-26T22:55:03.9286801Z,2022-11-26T22:56:33.0354130Z,"[""119.1.239.211""]","[""BAV2ROPC""]",2022-11-26T22:55:03.9286801Z
TW/Keelung,IN/Punjab,2022-11-26T23:04:45.4938415Z,2022-11-26T23:13:19.1715866Z,"[""61.63.155.145""]","[""BAV2ROPC""]",2022-11-26T23:04:45.4938415Z
GB/Lancashire,KR/Daejeon Gwangyeoksi,2022-11-26T23:04:55.2335644Z,2022-11-26T23:12:32.0996104Z,"[""213.40.69.111""]","[""BAV2ROPC""]",2022-11-26T23:04:55.2335644Z
IR/Kermanshah,CN/Hunan,2022-11-26T23:07:51.4223668Z,2022-11-26T23:14:06.1571911Z,"[""94.183.8.200""]","[""BAV2ROPC""]",2022-11-26T23:07:51.4223668Z
KR/Daejeon Gwangyeoksi,IN/Punjab,2022-11-26T23:12:32.0996104Z,2022-11-26T23:13:19.1715866Z,"[""121.153.134.28""]","[""BAV2ROPC""]",2022-11-26T23:12:32.0996104Z
IN/Punjab,CN/Hunan,2022-11-26T23:13:10.5700924Z,2022-11-26T23:14:00.9253462Z,"[""103.141.115.243""]","[""BAV2ROPC""]",2022-11-26T23:13:10.5700924Z
CN/Hunan,CO/Distrito Capital,2022-11-26T23:13:58.3046732Z,2022-11-26T23:14:44.4050211Z,"[""111.23.119.190""]","[""BAV2ROPC""]",2022-11-26T23:13:58.3046732Z
CO/Distrito Capital,SG/Central Singapore,2022-11-26T23:14:39.1735963Z,2022-11-26T23:19:34.5162353Z,"[""200.91.234.36""]","[""BAV2ROPC""]",2022-11-26T23:14:39.1735963Z
RU/Altayskiy Kray,CN/Anhui,2022-11-26T23:19:08.5860864Z,2022-11-26T23:19:51.8780564Z,"[""93.189.221.163""]","[""BAV2ROPC""]",2022-11-26T23:19:08.5860864Z
RU/Samarskaya Oblast',US/Georgia,2022-11-26T23:20:33.6993069Z,2022-11-26T23:21:56.7660323Z,"[""46.29.77.70""]","[""BAV2ROPC""]",2022-11-26T23:20:33.6993069Z
ZA/Kwazulu-Natal,BO/La Paz,2022-11-26T23:31:23.3214378Z,2022-11-26T23:31:42.7182845Z,"[""102.23.252.185""]","[""BAV2ROPC""]",2022-11-26T23:31:23.3214378Z
GQ/Litoral,RO/Suceava,2022-11-26T23:34:23.7074145Z,2022-11-26T23:35:32.6272370Z,"[""41.79.50.29""]","[""BAV2ROPC""]",2022-11-26T23:34:23.7074145Z
RO/Suceava,KR/Gwangju Gwangyeoksi,2022-11-26T23:35:24.9401709Z,2022-11-26T23:35:35.3672968Z,"[""89.45.228.210""]","[""BAV2ROPC""]",2022-11-26T23:35:24.9401709Z
RU/Voronezhskaya Oblast',KZ/Pavlodar,2022-11-26T23:45:48.6687949Z,2022-11-26T23:46:48.4434385Z,"[""85.113.142.96""]","[""BAV2ROPC""]",2022-11-26T23:45:48.6687949Z
RU/Tyumenskaya Oblast',KZ/Pavlodar,2022-11-26T23:46:08.1991918Z,2022-11-26T23:46:56.4116272Z,"[""178.46.157.217""]","[""BAV2ROPC""]",2022-11-26T23:46:08.1991918Z
BR/Parana,KW/Al Kuwayt,2022-11-26T23:46:27.9625740Z,2022-11-26T23:52:06.2498746Z,"[""45.188.198.124""]","[""BAV2ROPC""]",2022-11-26T23:46:27.9625740Z
RU/Moskovskaya Oblast',ID/Jakarta Raya,2022-11-27T00:16:22.5002456Z,2022-11-27T00:17:41.0606383Z,"[""5.35.71.94""]","[""BAV2ROPC""]",2022-11-27T00:16:22.5002456Z
RU/Primorskiy Kray,IN/West Bengal,2022-11-27T00:29:23.9386178Z,2022-11-27T00:30:38.8914084Z,"[""91.227.28.137""]","[""BAV2ROPC""]",2022-11-27T00:29:23.9386178Z
TN/Tunis,IN/Gujarat,2022-11-27T01:24:17.7745413Z,2022-11-27T01:27:28.3728346Z,"[""41.231.85.76""]","[""BAV2ROPC""]",2022-11-27T01:24:17.7745413Z
CL/Valparaiso,IN/Gujarat,2022-11-27T01:26:52.1764159Z,2022-11-27T01:27:28.3728346Z,"[""200.120.143.74""]","[""BAV2ROPC""]",2022-11-27T01:26:52.1764159Z
IR/Gilan,RU/Moskva,2022-11-27T01:28:40.1638938Z,2022-11-27T01:29:09.1710652Z,"[""2.187.18.194""]","[""BAV2ROPC""]",2022-11-27T01:28:40.1638938Z
CH/Aargau,RU/Penzenskaya Oblast',2022-11-27T01:30:57.5718698Z,2022-11-27T01:41:55.5250259Z,"[""46.126.152.191""]","[""BAV2ROPC""]",2022-11-27T01:30:57.5718698Z
ID/Nusa Tenggara Timur,RU/Penzenskaya Oblast',2022-11-27T01:40:40.1612728Z,2022-11-27T01:41:55.5250259Z,"[""103.71.224.219""]","[""BAV2ROPC""]",2022-11-27T01:40:40.1612728Z
RU/Penzenskaya Oblast',VN/Ha Tinh,2022-11-27T01:41:55.5250259Z,2022-11-27T01:45:44.2957467Z,"[""85.237.55.203""]","[""BAV2ROPC""]",2022-11-27T01:41:55.5250259Z
RU/Omskaya Oblast',IN/Andhra Pradesh,2022-11-27T01:57:06.5339615Z,2022-11-27T01:57:46.9064850Z,"[""92.124.148.31""]","[""BAV2ROPC""]",2022-11-27T01:57:06.5339615Z
MX/Distrito Federal,FR/Paris,2022-11-27T02:16:23.8623760Z,2022-11-27T02:22:45.9413757Z,"[""201.168.130.242""]","[""BAV2ROPC""]",2022-11-27T02:16:23.8623760Z
GD/Saint Andrew,CO/Distrito Capital,2022-11-27T02:20:24.1668251Z,2022-11-27T02:20:56.4655722Z,"[""199.83.199.78""]","[""BAV2ROPC""]",2022-11-27T02:20:24.1668251Z
IT/Torino,CN/Shaanxi,2022-11-27T02:21:48.4438685Z,2022-11-27T02:30:10.8206616Z,"[""37.159.240.182""]","[""BAV2ROPC""]",2022-11-27T02:21:48.4438685Z
KE/Nairobi Area,IR/Ilam,2022-11-27T02:30:13.2706955Z,2022-11-27T02:30:48.0290482Z,"[""197.237.29.186""]","[""BAV2ROPC""]",2022-11-27T02:30:13.2706955Z
IT/Venezia,ZA/Gauteng,2022-11-27T02:38:19.9855458Z,2022-11-27T02:38:52.2110288Z,"[""151.0.197.42""]","[""BAV2ROPC""]",2022-11-27T02:38:19.9855458Z
VN/Hai Duong,BZ/Belize,2022-11-27T02:42:12.1271194Z,2022-11-27T02:43:32.0096505Z,"[""117.6.254.186""]","[""BAV2ROPC""]",2022-11-27T02:42:12.1271194Z
BZ/Belize,CO/Tolima,2022-11-27T02:43:21.0448813Z,2022-11-27T02:44:20.4901089Z,"[""179.51.253.124""]","[""BAV2ROPC""]",2022-11-27T02:43:21.0448813Z
CO/Tolima,KR/Daegu Gwangyeoksi,2022-11-27T02:44:12.8307247Z,2022-11-27T02:44:59.6470116Z,"[""186.96.121.87""]","[""BAV2ROPC""]",2022-11-27T02:44:12.8307247Z
KZ/Zhambyl,SG/South West,2022-11-27T03:00:35.2316148Z,2022-11-27T03:01:02.6977924Z,"[""5.63.103.254""]","[""BAV2ROPC""]",2022-11-27T03:00:35.2316148Z
SG/South West,PL/Warminsko-Mazurskie,2022-11-27T03:00:52.4239179Z,2022-11-27T03:12:45.2433325Z,"[""220.255.200.124""]","[""BAV2ROPC""]",2022-11-27T03:00:52.4239179Z
US/West Virginia,ID/Papua,2022-11-27T03:14:18.3655154Z,2022-11-27T03:24:37.3690533Z,"[""50.127.177.194""]","[""BAV2ROPC""]",2022-11-27T03:14:18.3655154Z
MW/Lilongwe,SG/Central Singapore,2022-11-27T03:15:02.5017249Z,2022-11-27T03:24:01.6531384Z,"[""41.222.185.198""]","[""BAV2ROPC""]",2022-11-27T03:15:02.5017249Z
AR/Salta,SG/Central Singapore,2022-11-27T03:23:31.6881707Z,2022-11-27T03:24:01.6531384Z,"[""181.209.102.50""]","[""BAV2ROPC""]",2022-11-27T03:23:31.6881707Z
ID/Papua,CN/Gansu,2022-11-27T03:24:26.8698642Z,2022-11-27T03:26:26.2435377Z,"[""203.99.106.235""]","[""BAV2ROPC""]",2022-11-27T03:24:26.8698642Z
UA/Kharkivs'ka Oblast',ES/Barcelona,2022-11-27T03:29:01.0867199Z,2022-11-27T03:33:05.6788314Z,"[""91.239.77.222""]","[""BAV2ROPC""]",2022-11-27T03:29:01.0867199Z
TR/Ankara,HK/Hong Kong,2022-11-27T04:04:08.5013982Z,2022-11-27T04:09:07.7836863Z,"[""212.175.63.126""]","[""BAV2ROPC""]",2022-11-27T04:04:08.5013982Z
CL/Libertador General Bernardo O'higgins,BR/Minas Gerais,2022-11-27T04:07:56.9071772Z,2022-11-27T04:10:46.4370725Z,"[""45.165.170.41""]","[""BAV2ROPC""]",2022-11-27T04:07:56.9071772Z
CR/Guanacaste,BR/Minas Gerais,2022-11-27T04:10:11.7800440Z,2022-11-27T04:10:46.4370725Z,"[""201.191.123.132""]","[""BAV2ROPC""]",2022-11-27T04:10:11.7800440Z
NL/Zuid-Holland,AU/New South Wales,2022-11-27T04:51:57.0727685Z,2022-11-27T05:01:25.5112711Z,"[""188.202.206.1""]","[""BAV2ROPC""]",2022-11-27T04:51:57.0727685Z
BR/Mato Grosso Do Sul,PL/Wielkopolskie,2022-11-27T04:59:28.5392891Z,2022-11-27T05:09:39.4164180Z,"[""168.194.80.36""]","[""BAV2ROPC""]",2022-11-27T04:59:28.5392891Z
KR/Gangwon-Do,CN/Anhui,2022-11-27T05:00:04.9312862Z,2022-11-27T05:09:10.4562270Z,"[""211.169.212.206""]","[""BAV2ROPC""]",2022-11-27T05:00:04.9312862Z
KR/Chungcheongnam-Do,CN/Anhui,2022-11-27T05:02:16.5264230Z,2022-11-27T05:05:18.5913076Z,"[""14.6.16.137""]","[""BAV2ROPC""]",2022-11-27T05:02:16.5264230Z
ZA/Mpumalanga,CN/Anhui,2022-11-27T05:03:27.6005911Z,2022-11-27T05:05:18.5913076Z,"[""102.23.252.214""]","[""BAV2ROPC""]",2022-11-27T05:03:27.6005911Z
AR/Ciudad De Buenos Aires,NG/Lagos,2022-11-27T05:11:09.3143363Z,2022-11-27T05:22:37.3588231Z,"[""200.32.84.13""]","[""BAV2ROPC""]",2022-11-27T05:11:09.3143363Z
RO/Timis,CN/Xinjiang,2022-11-27T05:45:02.2635162Z,2022-11-27T05:46:32.7633625Z,"[""95.76.220.209""]","[""BAV2ROPC""]",2022-11-27T05:45:02.2635162Z
FR/Herault,SD/Al Khartum,2022-11-27T05:50:28.0660347Z,2022-11-27T06:03:26.8616279Z,"[""78.246.20.58""]","[""BAV2ROPC""]",2022-11-27T05:50:28.0660347Z
MX/Jalisco,SD/Al Khartum,2022-11-27T05:51:03.3067462Z,2022-11-27T06:03:26.8616279Z,"[""201.167.95.53""]","[""BAV2ROPC""]",2022-11-27T05:51:03.3067462Z
FR/Nord,SD/Al Khartum,2022-11-27T06:01:25.3647063Z,2022-11-27T06:03:26.8616279Z,"[""92.222.171.6""]","[""BAV2ROPC""]",2022-11-27T06:01:25.3647063Z
BG/Blagoevgrad,GT/Guatemala,2022-11-27T07:14:08.4556422Z,2022-11-27T07:18:25.8524350Z,"[""92.62.243.147""]","[""BAV2ROPC""]",2022-11-27T07:14:08.4556422Z
IT/Bologna,US/Arkansas,2022-11-27T07:14:24.7840426Z,2022-11-27T07:21:01.8793855Z,"[""2.37.223.58""]","[""BAV2ROPC""]",2022-11-27T07:14:24.7840426Z
GT/Guatemala,MA/Rabat-Sale-Kenitra,2022-11-27T07:18:25.8524350Z,2022-11-27T07:21:43.3814969Z,"[""186.151.16.117""]","[""BAV2ROPC""]",2022-11-27T07:18:25.8524350Z
MY/Kuala Lumpur,MA/Rabat-Sale-Kenitra,2022-11-27T07:19:06.5121477Z,2022-11-27T07:21:38.2028363Z,"[""103.12.67.82""]","[""BAV2ROPC""]",2022-11-27T07:19:06.5121477Z
US/Arkansas,BR/Bahia,2022-11-27T07:20:48.4781718Z,2022-11-27T07:21:15.6533683Z,"[""166.153.222.90""]","[""BAV2ROPC""]",2022-11-27T07:20:48.4781718Z
IT/Potenza,MA/Rabat-Sale-Kenitra,2022-11-27T07:21:09.6172226Z,2022-11-27T07:21:38.2028363Z,"[""185.15.171.218""]","[""BAV2ROPC""]",2022-11-27T07:21:09.6172226Z
BR/Bahia,TW/Tainan,2022-11-27T07:21:15.6533683Z,2022-11-27T07:22:03.2679996Z,"[""177.135.209.107""]","[""BAV2ROPC""]",2022-11-27T07:21:15.6533683Z
MA/Rabat-Sale-Kenitra,ZA/Western Cape,2022-11-27T07:21:32.7937806Z,2022-11-27T07:26:59.6824773Z,"[""41.143.250.78""]","[""BAV2ROPC""]",2022-11-27T07:21:32.7937806Z
TW/Tainan,ZA/Western Cape,2022-11-27T07:21:50.2762051Z,2022-11-27T07:27:10.2024017Z,"[""122.117.15.25""]","[""BAV2ROPC""]",2022-11-27T07:21:50.2762051Z
LK/Kolamba,BG/Sofiya-Grad,2022-11-27T07:27:34.9858263Z,2022-11-27T07:33:37.3988004Z,"[""123.231.56.177""]","[""BAV2ROPC""]",2022-11-27T07:27:34.9858263Z
IT/Bari,BR/Minas Gerais,2022-11-27T07:48:55.6026527Z,2022-11-27T07:58:29.1434255Z,"[""195.120.255.141""]","[""BAV2ROPC""]",2022-11-27T07:48:55.6026527Z
IT/Bolzano,ZA/Gauteng,2022-11-27T08:11:47.1451334Z,2022-11-27T08:14:19.9114611Z,"[""93.89.63.141""]","[""BAV2ROPC""]",2022-11-27T08:11:47.1451334Z
KG/Chuy,ZA/Gauteng,2022-11-27T08:12:52.7044422Z,2022-11-27T08:14:22.7614752Z,"[""77.235.29.47""]","[""BAV2ROPC""]",2022-11-27T08:12:52.7044422Z
CO/Valle Del Cauca,AR/Ciudad De Buenos Aires,2022-11-27T08:17:36.0559091Z,2022-11-27T08:18:33.5387540Z,"[""200.29.120.157""]","[""BAV2ROPC""]",2022-11-27T08:17:36.0559091Z
US/Oregon,FR/Seine-Saint-Denis,2022-11-27T08:34:25.2942275Z,2022-11-27T08:34:54.0355871Z,"[""216.87.225.232""]","[""BAV2ROPC""]",2022-11-27T08:34:25.2942275Z
BO/La Paz,HK/Hong Kong,2022-11-27T09:15:34.2686768Z,2022-11-27T09:16:11.3684077Z,"[""181.115.232.234""]","[""BAV2ROPC""]",2022-11-27T09:15:34.2686768Z
MO/Macau,ZA/Mpumalanga,2022-11-27T09:45:29.1759443Z,2022-11-27T09:48:21.6422555Z,"[""202.175.178.226""]","[""BAV2ROPC""]",2022-11-27T09:45:29.1759443Z
US/Iowa,ZA/Mpumalanga,2022-11-27T09:47:08.2582765Z,2022-11-27T09:48:21.6422555Z,"[""64.5.72.171""]","[""BAV2ROPC""]",2022-11-27T09:47:08.2582765Z
IT/Roma,BZ/Belize,2022-11-27T10:15:46.0581844Z,2022-11-27T10:17:28.8096388Z,"[""213.26.193.177""]","[""BAV2ROPC""]",2022-11-27T10:15:46.0581844Z
NG/Federal Capital Territory,BZ/Belize,2022-11-27T10:17:25.5733598Z,2022-11-27T10:17:26.1106654Z,"[""154.68.199.27""]","[""BAV2ROPC""]",2022-11-27T10:17:25.5733598Z
BB/Saint Michael,ZA/Mpumalanga,2022-11-27T10:36:02.7982410Z,2022-11-27T10:36:51.6901197Z,"[""65.48.228.195""]","[""BAV2ROPC""]",2022-11-27T10:36:02.7982410Z
BY/Vitsyebsk,PS/Jerusalem,2022-11-27T10:39:26.9349926Z,2022-11-27T10:47:29.9164863Z,"[""82.209.207.151""]","[""BAV2ROPC""]",2022-11-27T10:39:26.9349926Z
PS/Jerusalem,SD/Al Khartum,2022-11-27T10:47:18.9260945Z,2022-11-27T10:47:57.6747049Z,"[""188.225.140.30""]","[""BAV2ROPC""]",2022-11-27T10:47:18.9260945Z
CR/Heredia,IR/Semnan,2022-11-27T11:01:36.5106381Z,2022-11-27T11:02:14.0625957Z,"[""201.206.147.49""]","[""BAV2ROPC""]",2022-11-27T11:01:36.5106381Z
IR/Semnan,US/Georgia,2022-11-27T11:02:11.0053052Z,2022-11-27T11:02:57.5364545Z,"[""78.38.152.39""]","[""BAV2ROPC""]",2022-11-27T11:02:11.0053052Z
UZ/Toshkent City,CN/Shaanxi,2022-11-27T11:44:17.2047409Z,2022-11-27T11:44:52.3481881Z,"[""94.141.69.156""]","[""BAV2ROPC""]",2022-11-27T11:44:17.2047409Z
MZ/Maputo Cidade,DE/Saarland,2022-11-27T12:03:47.7369812Z,2022-11-27T12:14:53.4922722Z,"[""196.28.226.67""]","[""BAV2ROPC""]",2022-11-27T12:03:47.7369812Z
FR/Haute-Savoie,SD/Al Khartum,2022-11-27T12:21:32.6652522Z,2022-11-27T12:27:12.5742061Z,"[""80.245.26.173""]","[""BAV2ROPC""]",2022-11-27T12:21:32.6652522Z
ID/Kalimantan Barat,SG/South West,2022-11-27T12:22:07.3930158Z,2022-11-27T12:25:44.1935362Z,"[""124.109.22.206""]","[""BAV2ROPC""]",2022-11-27T12:22:07.3930158Z
BG/Gabrovo,CR/San Jose,2022-11-27T12:30:43.9793512Z,2022-11-27T12:33:56.0090921Z,"[""89.106.101.34""]","[""BAV2ROPC""]",2022-11-27T12:30:43.9793512Z
RO/Iasi,RU/Novosibirskaya Oblast',2022-11-27T12:50:36.0815552Z,2022-11-27T12:51:42.9747300Z,"[""82.208.167.209""]","[""BAV2ROPC""]",2022-11-27T12:50:36.0815552Z
IL/Tel Aviv,RU/Novosibirskaya Oblast',2022-11-27T12:51:15.5755844Z,2022-11-27T12:51:48.1922890Z,"[""188.64.203.190""]","[""BAV2ROPC""]",2022-11-27T12:51:15.5755844Z
VN/Tay Ninh,FR/Alpes-Maritimes,2022-11-27T13:11:38.0393146Z,2022-11-27T13:12:18.9632320Z,"[""42.118.124.136""]","[""BAV2ROPC""]",2022-11-27T13:11:38.0393146Z
RU/Kaliningradskaya Oblast',TW/Taichung,2022-11-27T13:12:59.4595000Z,2022-11-27T13:13:55.9256245Z,"[""83.219.149.57""]","[""BAV2ROPC""]",2022-11-27T13:12:59.4595000Z
RU/Stavropol'skiy Kray,VN/Ho Chi Minh,2022-11-27T13:45:03.9585729Z,2022-11-27T13:45:42.8641021Z,"[""109.168.173.51""]","[""BAV2ROPC""]",2022-11-27T13:45:03.9585729Z
RU/Krasnoyarskiy Kray,CI/Abidjan,2022-11-27T13:48:08.4573084Z,2022-11-27T13:48:39.1469566Z,"[""178.169.116.168""]","[""BAV2ROPC""]",2022-11-27T13:48:08.4573084Z
US/District Of Columbia,KR/Jeollabuk-Do,2022-11-27T14:15:39.3914434Z,2022-11-27T14:16:13.6493661Z,"[""73.213.110.116""]","[""BAV2ROPC""]",2022-11-27T14:15:39.3914434Z
IE/Galway,DK/Hovedstaden,2022-11-27T14:29:29.8139019Z,2022-11-27T14:29:48.2411151Z,"[""109.255.219.238""]","[""BAV2ROPC""]",2022-11-27T14:29:29.8139019Z
DK/Hovedstaden,ES/Asturias,2022-11-27T14:29:48.2411151Z,2022-11-27T14:36:13.5988256Z,"[""152.115.210.26""]","[""BAV2ROPC""]",2022-11-27T14:29:48.2411151Z
BR/Maranhao,TR/Kayseri,2022-11-27T14:35:23.2990578Z,2022-11-27T14:36:30.3569502Z,"[""177.125.22.143""]","[""BAV2ROPC""]",2022-11-27T14:35:23.2990578Z
TR/Kayseri,GT/Guatemala,2022-11-27T14:36:22.4869819Z,2022-11-27T14:36:47.7867791Z,"[""212.174.187.83""]","[""BAV2ROPC""]",2022-11-27T14:36:22.4869819Z
ES/Melilla,RO/Bucuresti,2022-11-27T14:36:59.4688146Z,2022-11-27T14:37:25.5837936Z,"[""46.35.107.233""]","[""BAV2ROPC""]",2022-11-27T14:36:59.4688146Z
TR/Kocaeli,PA/Chiriqui,2022-11-27T14:41:08.8109071Z,2022-11-27T14:41:45.2672595Z,"[""5.26.196.58""]","[""BAV2ROPC""]",2022-11-27T14:41:08.8109071Z
SG/North East,VN/Ha Tinh,2022-11-27T14:55:11.1618522Z,2022-11-27T15:06:19.6826606Z,"[""223.25.66.160""]","[""BAV2ROPC""]",2022-11-27T14:55:11.1618522Z
VE/Aragua,CN/Hubei,2022-11-27T15:13:52.2570726Z,2022-11-27T15:14:41.4515329Z,"[""200.11.146.8""]","[""BAV2ROPC""]",2022-11-27T15:13:52.2570726Z
NE/Niamey,FR/Seine-Maritime,2022-11-27T15:23:52.4574517Z,2022-11-27T15:24:38.2395539Z,"[""154.66.220.45""]","[""BAV2ROPC""]",2022-11-27T15:23:52.4574517Z
IR/Fars,PE/Lima Province,2022-11-27T15:24:56.7542193Z,2022-11-27T15:25:48.0754657Z,"[""178.173.145.210""]","[""BAV2ROPC""]",2022-11-27T15:24:56.7542193Z
RU/Kareliya,IN/Karnataka,2022-11-27T15:42:54.4525306Z,2022-11-27T15:43:28.1245858Z,"[""94.140.224.150""]","[""BAV2ROPC""]",2022-11-27T15:42:54.4525306Z
GH/Greater Accra,KR/Sejong,2022-11-27T16:25:06.4330456Z,2022-11-27T16:25:42.8818144Z,"[""196.44.104.72""]","[""BAV2ROPC""]",2022-11-27T16:25:06.4330456Z
KR/Sejong,FR/Paris,2022-11-27T16:25:29.8869517Z,2022-11-27T16:29:34.8572652Z,"[""210.122.35.74""]","[""BAV2ROPC""]",2022-11-27T16:25:29.8869517Z
RU/Kaluzhskaya Oblast',KR/Incheon Gwangyeoksi,2022-11-27T16:28:16.4100888Z,2022-11-27T16:30:30.6292350Z,"[""217.15.197.39""]","[""BAV2ROPC""]",2022-11-27T16:28:16.4100888Z
KR/Ulsan Gwangyeoksi,CN/Hubei,2022-11-27T16:29:54.1806573Z,2022-11-27T16:32:13.5325091Z,"[""218.154.239.1""]","[""BAV2ROPC""]",2022-11-27T16:29:54.1806573Z
AM/Lorri,ZA/Mpumalanga,2022-11-27T16:56:13.7606181Z,2022-11-27T16:58:03.2492370Z,"[""130.193.125.122""]","[""BAV2ROPC""]",2022-11-27T16:56:13.7606181Z
ID/Sumatera Barat,ID/Jakarta Raya,2022-11-27T18:03:07.5149083Z,2022-11-27T18:05:04.0437758Z,"[""103.141.74.109""]","[""BAV2ROPC""]",2022-11-27T18:03:07.5149083Z
BR/Espirito Santo,CO/Valle Del Cauca,2022-11-27T18:06:23.0163168Z,2022-11-27T18:07:48.2902187Z,"[""200.216.184.70""]","[""BAV2ROPC""]",2022-11-27T18:06:23.0163168Z
IL/Yerushalayim,NL/Zuid-Holland,2022-11-27T18:08:17.2687775Z,2022-11-27T18:09:10.4114292Z,"[""82.166.20.141""]","[""BAV2ROPC""]",2022-11-27T18:08:17.2687775Z
IQ/Arbil,BR/Acre,2022-11-27T18:27:29.7028381Z,2022-11-27T18:29:05.3961223Z,"[""212.237.113.104""]","[""BAV2ROPC""]",2022-11-27T18:27:29.7028381Z
US/Mississippi,IT/Bolzano,2022-11-27T19:19:40.3723540Z,2022-11-27T19:21:15.4196129Z,"[""12.171.207.202""]","[""BAV2ROPC""]",2022-11-27T19:19:40.3723540Z
LT/Kauno Apskritis,IN/Karnataka,2022-11-27T19:36:24.5889346Z,2022-11-27T19:36:44.1195197Z,"[""178.250.37.142""]","[""BAV2ROPC""]",2022-11-27T19:36:24.5889346Z
SZ/Hhohho,CN/Gansu,2022-11-27T20:20:02.4986891Z,2022-11-27T20:21:43.3513242Z,"[""41.215.147.90""]","[""BAV2ROPC""]",2022-11-27T20:20:02.4986891Z
IT/Vicenza,ID/Jakarta Raya,2022-11-27T21:11:37.0107524Z,2022-11-27T21:12:30.0798995Z,"[""188.95.76.130""]","[""BAV2ROPC""]",2022-11-27T21:11:37.0107524Z
DK/Midtjylland,CO/Distrito Capital,2022-11-27T21:56:42.5119461Z,2022-11-27T21:58:44.4434561Z,"[""84.238.31.173""]","[""BAV2ROPC""]",2022-11-27T21:56:42.5119461Z
RU/Orlovskaya Oblast',CO/Distrito Capital,2022-11-27T21:57:51.0830696Z,2022-11-27T21:58:44.4434561Z,"[""87.117.155.222""]","[""BAV2ROPC""]",2022-11-27T21:57:51.0830696Z
IN/Assam,US/Kansas,2022-11-27T22:05:16.6300825Z,2022-11-27T22:08:52.6163106Z,"[""103.147.248.12""]","[""BAV2ROPC""]",2022-11-27T22:05:16.6300825Z
US/Kansas,KR/Busan Gwangyeoksi,2022-11-27T22:08:49.8594933Z,2022-11-27T22:09:54.3988203Z,"[""63.46.157.165""]","[""BAV2ROPC""]",2022-11-27T22:08:49.8594933Z
IT/Bergamo,TR/Van,2022-11-27T22:18:54.8530541Z,2022-11-27T22:20:23.5301099Z,"[""77.244.186.140""]","[""BAV2ROPC""]",2022-11-27T22:18:54.8530541Z
TR/Van,CV/Praia,2022-11-27T22:20:15.3614556Z,2022-11-27T22:23:08.3923235Z,"[""31.223.60.94""]","[""BAV2ROPC""]",2022-11-27T22:20:15.3614556Z
CV/Praia,CH/Bern,2022-11-27T22:23:03.2029531Z,2022-11-27T22:26:10.6982620Z,"[""41.215.222.52""]","[""BAV2ROPC""]",2022-11-27T22:23:03.2029531Z
CH/Bern,IL/Hamerkaz,2022-11-27T22:25:56.6872173Z,2022-11-27T22:31:48.1799585Z,"[""31.24.10.71""]","[""BAV2ROPC""]",2022-11-27T22:25:56.6872173Z
ES/Bizkaia,AR/Santa Fe,2022-11-27T22:28:41.3347384Z,2022-11-27T22:36:36.0103322Z,"[""212.142.227.111""]","[""BAV2ROPC""]",2022-11-27T22:28:41.3347384Z
DO/Distrito Nacional,CN/Shandong,2022-11-27T22:45:10.8272717Z,2022-11-27T22:59:50.6346405Z,"[""200.88.52.82""]","[""BAV2ROPC""]",2022-11-27T22:45:10.8272717Z
BG/Vratsa,CN/Hubei,2022-11-27T23:41:33.2028934Z,2022-11-27T23:52:35.3206295Z,"[""151.237.75.114""]","[""BAV2ROPC""]",2022-11-27T23:41:33.2028934Z
BR/Santa Catarina,NO/Rogaland,2022-11-27T23:42:55.1550050Z,2022-11-27T23:43:42.5113934Z,"[""187.45.102.231""]","[""BAV2ROPC""]",2022-11-27T23:42:55.1550050Z
NO/Rogaland,CN/Hubei,2022-11-27T23:43:34.7246198Z,2022-11-27T23:52:35.3206295Z,"[""62.92.89.220""]","[""BAV2ROPC""]",2022-11-27T23:43:34.7246198Z
RS/Kosovski,RO/Gorj,2022-11-28T01:26:25.6514896Z,2022-11-28T01:38:51.6681818Z,"[""84.22.44.198""]","[""BAV2ROPC""]",2022-11-28T01:26:25.6514896Z
RO/Gorj,US/Utah,2022-11-28T01:38:41.2515746Z,2022-11-28T01:40:12.3019498Z,"[""136.255.230.40""]","[""BAV2ROPC""]",2022-11-28T01:38:41.2515746Z
US/Utah,ZA/Kwazulu-Natal,2022-11-28T01:40:01.8294018Z,2022-11-28T01:45:33.5725977Z,"[""73.20.63.53""]","[""BAV2ROPC""]",2022-11-28T01:40:01.8294018Z
RU/Tambovskaya Oblast',CN/Anhui,2022-11-28T01:59:32.5144786Z,2022-11-28T01:59:55.8250890Z,"[""37.235.179.100""]","[""BAV2ROPC""]",2022-11-28T01:59:32.5144786Z
CO/Santander,KH/Phnum Penh,2022-11-28T02:16:16.1341082Z,2022-11-28T02:17:40.1750249Z,"[""201.221.128.58""]","[""BAV2ROPC""]",2022-11-28T02:16:16.1341082Z
MX/Guanajuato,MO/Macau,2022-11-28T02:35:06.0515271Z,2022-11-28T02:45:39.6154565Z,"[""201.144.13.66""]","[""BAV2ROPC""]",2022-11-28T02:35:06.0515271Z
FR/Cotes-D'armor,MO/Macau,2022-11-28T02:42:17.5617462Z,2022-11-28T02:45:39.6154565Z,"[""78.127.125.41""]","[""BAV2ROPC""]",2022-11-28T02:42:17.5617462Z
RU/Khanty-Mansiyskiy Avtonomnyy Okrug,US/Georgia,2022-11-28T02:42:33.0943707Z,2022-11-28T02:51:50.9562564Z,"[""176.121.215.2""]","[""BAV2ROPC""]",2022-11-28T02:42:33.0943707Z
RU/Vologodskaya Oblast',MO/Macau,2022-11-28T02:45:18.0987098Z,2022-11-28T02:45:39.6154565Z,"[""79.175.23.24""]","[""BAV2ROPC""]",2022-11-28T02:45:18.0987098Z
PH/National Capital Region,BR/Para,2022-11-28T02:51:06.8928144Z,2022-11-28T02:52:55.0039977Z,"[""203.160.188.139""]","[""BAV2ROPC""]",2022-11-28T02:51:06.8928144Z
US/Alaska,US/Georgia,2022-11-28T02:51:13.5252868Z,2022-11-28T02:51:45.7247213Z,"[""66.58.253.68""]","[""BAV2ROPC""]",2022-11-28T02:51:13.5252868Z
BR/Sergipe,IT/Milano,2022-11-28T04:12:52.3958648Z,2022-11-28T04:12:58.6370732Z,"[""201.28.187.217""]","[""BAV2ROPC""]",2022-11-28T04:12:52.3958648Z
MX/Mexico,US/Oregon,2022-11-28T04:18:20.2283739Z,2022-11-28T04:25:38.0365647Z,"[""189.216.254.136""]","[""BAV2ROPC""]",2022-11-28T04:18:20.2283739Z
US/Nebraska,BG/Khaskovo,2022-11-28T05:08:51.1636843Z,2022-11-28T05:09:21.7861978Z,"[""166.252.153.168""]","[""BAV2ROPC""]",2022-11-28T05:08:51.1636843Z
BG/Khaskovo,KR/Jeju-Do,2022-11-28T05:09:13.8996974Z,2022-11-28T05:10:27.0362569Z,"[""212.70.151.95""]","[""BAV2ROPC""]",2022-11-28T05:09:13.8996974Z
GB/Buckinghamshire,SG/Central Singapore,2022-11-28T05:23:12.5977134Z,2022-11-28T05:23:32.6728194Z,"[""81.86.212.0""]","[""BAV2ROPC""]",2022-11-28T05:23:12.5977134Z
IQ/Ninawa,US/Iowa,2022-11-28T05:58:01.0436143Z,2022-11-28T05:59:19.8971841Z,"[""45.143.30.14""]","[""BAV2ROPC""]",2022-11-28T05:58:01.0436143Z
ID/Yogyakarta,FR/Calvados,2022-11-28T05:59:37.3104961Z,2022-11-28T06:00:02.0505469Z,"[""110.76.147.58""]","[""BAV2ROPC""]",2022-11-28T05:59:37.3104961Z
KZ/Qyzylorda,CO/Valle Del Cauca,2022-11-28T07:20:34.9184324Z,2022-11-28T07:21:23.1737612Z,"[""92.46.224.46""]","[""BAV2ROPC""]",2022-11-28T07:20:34.9184324Z
TW/Taoyuan,HK/Hong Kong,2022-11-28T07:59:05.2590089Z,2022-11-28T08:00:12.0947076Z,"[""163.30.39.140""]","[""BAV2ROPC""]",2022-11-28T07:59:05.2590089Z
DE/Sachsen,TR/Istanbul,2022-11-28T07:59:31.2889090Z,2022-11-28T08:01:31.6113353Z,"[""176.126.81.158""]","[""BAV2ROPC""]",2022-11-28T07:59:31.2889090Z
ES/Malaga,US/Pennsylvania,2022-11-28T08:01:16.8265481Z,2022-11-28T08:14:59.7468015Z,"[""212.225.145.202""]","[""BAV2ROPC""]",2022-11-28T08:01:16.8265481Z
TR/Istanbul,CN/Hunan,2022-11-28T08:01:25.9365672Z,2022-11-28T08:02:13.4790697Z,"[""176.236.151.150""]","[""BAV2ROPC""]",2022-11-28T08:01:25.9365672Z
TH/Khon Kaen,RU/Tatarstan,2022-11-28T09:07:10.4925609Z,2022-11-28T09:13:06.4769647Z,"[""122.154.156.234""]","[""BAV2ROPC""]",2022-11-28T09:07:10.4925609Z
RU/Arkhangel'skaya Oblast',RU/Tatarstan,2022-11-28T09:10:51.0050610Z,2022-11-28T09:13:09.1856394Z,"[""91.122.197.187""]","[""BAV2ROPC""]",2022-11-28T09:10:51.0050610Z
BG/Burgas,PK/Punjab,2022-11-28T09:14:03.0166366Z,2022-11-28T09:18:12.0751936Z,"[""95.42.185.92""]","[""BAV2ROPC""]",2022-11-28T09:14:03.0166366Z
GL/Avannaata,BG/Vratsa,2022-11-28T09:51:13.8089685Z,2022-11-28T09:53:09.4879632Z,"[""194.177.231.66""]","[""BAV2ROPC""]",2022-11-28T09:51:13.8089685Z
VN/Khanh Hoa,BG/Vratsa,2022-11-28T09:51:32.4947845Z,2022-11-28T09:53:09.4879632Z,"[""103.162.14.43""]","[""BAV2ROPC""]",2022-11-28T09:51:32.4947845Z
IT/Monza E Brianza,TW/Keelung,2022-11-28T09:53:19.5833069Z,2022-11-28T09:54:30.8265397Z,"[""5.94.141.169""]","[""BAV2ROPC""]",2022-11-28T09:53:19.5833069Z
FR/Val-De-Marne,FR/Paris,2022-11-28T10:24:11.1399677Z,2022-11-28T10:32:14.3353874Z,"[""37.169.9.134""]","[""Mozilla/5.0 (Windows NT 10.0; Win64; x64) AppleWebKit/537.36 (KHTML, like Gecko) Chrome/107.0.0.0 Safari/537.36 Edg/107.0.1418.56""]",2022-11-28T10:24:11.1399677Z
AF/Kabol,SA/Makkah,2022-11-28T10:30:39.7182910Z,2022-11-28T10:31:18.3620188Z,"[""103.227.17.254""]","[""BAV2ROPC""]",2022-11-28T10:30:39.7182910Z
SA/Makkah,PL/Warminsko-Mazurskie,2022-11-28T10:31:12.9587542Z,2022-11-28T10:32:30.1252583Z,"[""86.51.188.78""]","[""BAV2ROPC""]",2022-11-28T10:31:12.9587542Z
US/New Mexico,PE/Lima Province,2022-11-28T11:05:13.2803233Z,2022-11-28T11:16:04.9077191Z,"[""104.37.76.19""]","[""BAV2ROPC""]",2022-11-28T11:05:13.2803233Z
CA/Nova Scotia,BE/Brussels,2022-11-28T11:08:04.8957009Z,2022-11-28T11:18:02.6122469Z,"[""24.222.222.166""]","[""BAV2ROPC""]",2022-11-28T11:08:04.8957009Z
ES/Ourense,TR/Istanbul,2022-11-28T11:14:36.1215446Z,2022-11-28T11:16:26.4582713Z,"[""46.24.5.186""]","[""BAV2ROPC""]",2022-11-28T11:14:36.1215446Z
VE/Carabobo,BD/Dhaka,2022-11-28T12:03:58.9427486Z,2022-11-28T12:04:29.8569989Z,"[""190.205.35.66""]","[""BAV2ROPC""]",2022-11-28T12:03:58.9427486Z
IN/Chhattisgarh,GA/Estuaire,2022-11-28T13:24:02.8581809Z,2022-11-28T13:24:17.4599650Z,"[""122.168.199.192""]","[""BAV2ROPC""]",2022-11-28T13:24:02.8581809Z
GA/Estuaire,PE/Lima Province,2022-11-28T13:24:17.4599650Z,2022-11-28T13:25:54.7567763Z,"[""154.0.191.134""]","[""BAV2ROPC""]",2022-11-28T13:24:17.4599650Z
PE/Junin,AU/Victoria,2022-11-28T13:30:56.0584004Z,2022-11-28T13:33:45.2421235Z,"[""200.123.230.101""]","[""BAV2ROPC""]",2022-11-28T13:30:56.0584004Z
AZ/Abseron,US/South Carolina,2022-11-28T13:32:48.0807438Z,2022-11-28T13:33:31.9934117Z,"[""85.132.106.212""]","[""BAV2ROPC""]",2022-11-28T13:32:48.0807438Z
RU/Severnaya Osetiya-Alaniya,BD/Dhaka,2022-11-28T13:43:13.7166147Z,2022-11-28T13:45:13.2143789Z,"[""78.110.156.66""]","[""BAV2ROPC""]",2022-11-28T13:43:13.7166147Z
NI/Managua,BO/La Paz,2022-11-28T14:38:47.5000797Z,2022-11-28T14:45:12.6730764Z,"[""186.77.56.74""]","[""BAV2ROPC""]",2022-11-28T14:38:47.5000797Z
AU/Queensland,CN/Hunan,2022-11-28T14:53:07.3049128Z,2022-11-28T14:54:19.6724333Z,"[""203.45.195.47""]","[""BAV2ROPC""]",2022-11-28T14:53:07.3049128Z
CZ/Stredocesky Kraj,FR/Ardeche,2022-11-28T16:00:32.9875408Z,2022-11-28T16:14:04.2810140Z,"[""81.201.55.252""]","[""BAV2ROPC""]",2022-11-28T16:00:32.9875408Z
FR/Ardeche,BR/Rondonia,2022-11-28T16:13:53.3532039Z,2022-11-28T16:14:38.1565608Z,"[""46.18.226.203""]","[""BAV2ROPC""]",2022-11-28T16:13:53.3532039Z
VN/Bac Ninh,KR/Chungcheongbuk-Do,2022-11-28T17:06:02.3931714Z,2022-11-28T17:06:47.5433221Z,"[""27.72.149.169""]","[""BAV2ROPC""]",2022-11-28T17:06:02.3931714Z
ES/Almeria,VN/Ha Noi,2022-11-28T18:02:15.5549479Z,2022-11-28T18:08:45.2832628Z,"[""45.83.48.52""]","[""BAV2ROPC""]",2022-11-28T18:02:15.5549479Z
